<?xml version="1.0" encoding="UTF-8"?><?xml-stylesheet type='text/xsl' href='_UpgradeReport_Files/UpgradeReport.xslt'?><UpgradeLog>
<Properties><Property Name="Solution" Value="ConsoleMThreads">
</Property><Property Name="解决方案文件" Value="C:\Users\SHERENE\Desktop\C#Demo第二版-64位\TFT\ConsoleMThreads\ConsoleMThreads.sln">
</Property><Property Name="用户选项文件" Value="C:\Users\SHERENE\Desktop\C#Demo第二版-64位\TFT\ConsoleMThreads\ConsoleMThreads.suo">
</Property><Property Name="Date" Value="2010年3月12日">
</Property><Property Name="Time" Value="16:01">
</Property></Properties><Event ErrorLevel="0" Project="" Source="ConsoleMThreads.sln" Description="文件已成功备份为 C:\Users\SHERENE\Desktop\C#Demo第二版-64位\TFT\ConsoleMThreads\Backup\ConsoleMThreads.sln">
</Event><Event ErrorLevel="0" Project="" Source="ConsoleMThreads.suo" Description="文件已成功备份为 C:\Users\SHERENE\Desktop\C#Demo第二版-64位\TFT\ConsoleMThreads\Backup\ConsoleMThreads.suo">
</Event><Event ErrorLevel="0" Project="ConsoleMThreads" Source="ConsoleMThreads.csproj" Description="项目文件已成功备份为 C:\Users\SHERENE\Desktop\C#Demo第二版-64位\TFT\ConsoleMThreads\Backup\ConsoleMThreads.csproj">
</Event><Event ErrorLevel="0" Project="ConsoleMThreads" Source="Program.cs" Description="文件已成功备份为 C:\Users\SHERENE\Desktop\C#Demo第二版-64位\TFT\ConsoleMThreads\Backup\Program.cs">
</Event><Event ErrorLevel="0" Project="ConsoleMThreads" Source="Properties\AssemblyInfo.cs" Description="文件已成功备份为 C:\Users\SHERENE\Desktop\C#Demo第二版-64位\TFT\ConsoleMThreads\Backup\Properties\AssemblyInfo.cs">
</Event><Event ErrorLevel="0" Project="ConsoleMThreads" Source="ConsoleMThreads.csproj" Description="项目已成功转换">
</Event><Event ErrorLevel="3" Project="ConsoleMThreads" Source="ConsoleMThreads.csproj" Description="Converted">
</Event><Event ErrorLevel="0" Project="" Source="ConsoleMThreads.sln" Description="成功转换解决方案">
</Event><Event ErrorLevel="3" Project="" Source="ConsoleMThreads.sln" Description="Converted">
</Event><Event ErrorLevel="0" Project="ConsoleMThreads" Source="ConsoleMThreads.csproj" Description="扫描完成: 项目文件不需要升级。">
</Event></UpgradeLog>